"X_id","date.mmm.yy.","population_group","returned_from_housing","returned_to_shelter","newly_identified","moved_to_housing","became_inactive","actively_homeless","ageunder16","age16.24","age25.44","age45.64","age65over","gender_male","gender_female","gender_transgender.non.binary_or_two_spirit","population_group_percentage"
1,"Jan-18","All Population",80,423,566,642,891,8652,1185,1063,3622,2498,368,5860,3507,116,100
2,"Jan-18","Chronic",17,46,229,168,197,4091,376,495,1865,1487,279,1673,1335,86,32.1
3,"Jan-18","Refugees",25,29,497,564,82,2831,1063,203,962,409,19,1569,641,19,23.6
4,"Jan-18","Families",9,21,61,212,101,2628,1747,344,775,224,8,1103,1100,1,22.2
5,"Jan-18","Youth",9,49,83,24,112,800,0,786,0,0,0,560,324,63,8.9
6,"Jan-18","Single Adult",29,470,493,165,466,6585,2,0,3002,2479,455,5145,1706,78,68.9
7,"Jan-18","Non-refugees",57,451,332,170,550,5372,455,842,3057,2235,581,3993,2038,86,76.4
8,"Feb-18","All Population",69,567,705,353,716,10799,982,1146,3357,2882,507,5596,3667,33,100
9,"Feb-18","Chronic",7,33,343,227,102,3953,426,462,811,1673,212,1728,1257,49,32.2
10,"Feb-18","Refugees",24,18,243,234,122,2518,340,235,1782,402,34,1248,1168,15,26.1
11,"Feb-18","Families",7,11,315,392,98,2347,1363,254,864,215,19,1106,1816,2,30.3
12,"Feb-18","Youth",17,18,98,30,96,927,0,817,0,0,0,506,358,55,9
13,"Feb-18","Single Adult",34,435,399,134,629,6906,-1,0,3416,2710,457,4046,1815,32,60.7
14,"Feb-18","Non-refugees",43,395,493,201,495,6745,511,858,2425,2347,520,4493,1803,165,73.9
15,"Mar-18","All Population",75,232,653,694,946,9187,1166,1132,3657,2910,537,6998,3392,129,100
16,"Mar-18","Chronic",9,26,449,92,118,4738,385,384,1411,1016,412,3224,1090,92,41.5
17,"Mar-18","Refugees",9,33,110,101,81,4319,676,555,687,435,24,2292,905,13,30.8
18,"Mar-18","Families",24,5,151,242,66,2317,1475,268,283,216,17,968,922,2,22.6
19,"Mar-18","Youth",18,54,68,58,111,970,0,849,0,0,0,498,344,59,10.1
20,"Mar-18","Single Adult",25,356,620,204,772,5818,1,0,2932,2823,340,3869,1775,121,67.3
21,"Mar-18","Non-refugees",65,227,510,233,729,6718,478,657,2935,1897,453,4107,1940,153,69.2
22,"Apr-18","All Population",89,433,1533,208,750,8812,1812,1071,3742,2838,390,5592,3774,80,100
23,"Apr-18","Chronic",6,44,307,408,120,3734,179,457,1640,1251,248,2545,1141,26,39.4
24,"Apr-18","Refugees",16,28,578,521,78,4340,1447,556,573,494,33,1034,790,6,19.5
25,"Apr-18","Families",13,6,429,208,28,3586,1301,157,949,271,17,1249,1427,3,28.8
26,"Apr-18","Youth",15,25,64,34,106,1002,0,1029,0,0,0,494,376,60,9.4
27,"Apr-18","Single Adult",56,321,407,209,405,6697,0,0,2772,2415,614,4640,1115,53,61.8
28,"Apr-18","Non-refugees",52,339,597,221,552,7104,436,855,2548,2548,498,4312,2047,74,80.5
29,"May-18","All Population",51,480,838,465,772,8724,1534,935,4014,2722,460,5957,4024,148,100
30,"May-18","Chronic",13,35,445,268,114,2955,254,444,845,1041,417,2322,1483,95,38.1
31,"May-18","Refugees",17,22,688,123,149,3596,1499,433,397,345,27,1184,1315,15,25
32,"May-18","Families",1,9,194,79,101,3271,603,255,840,192,12,738,1508,0,22
33,"May-18","Youth",8,43,135,45,102,928,0,1078,0,0,0,473,304,49,7.6
34,"May-18","Single Adult",54,362,367,153,550,5666,-1,0,3676,2191,561,5369,1805,93,70.4
35,"May-18","Non-refugees",62,272,421,162,900,7595,477,868,2682,1762,543,4342,2265,98,75
36,"Jun-18","All Population",75,427,975,609,553,8469,1815,1065,3159,3044,697,5195,2880,149,100
37,"Jun-18","Chronic",12,28,333,179,93,2732,273,267,1106,868,475,3958,1065,95,62.2
38,"Jun-18","Refugees",21,38,559,586,52,2145,1516,574,431,284,29,1958,872,9,35
39,"Jun-18","Families",-3,19,513,199,90,1869,1490,231,477,199,11,687,1607,2,24.9
40,"Jun-18","Youth",13,64,137,46,125,1018,0,842,0,0,0,593,248,45,9.1
41,"Jun-18","Single Adult",44,155,671,113,607,5436,-2,0,2424,2083,559,4351,1712,83,66
42,"Jun-18","Non-refugees",49,301,604,265,681,7712,492,818,2809,2371,490,3941,2685,137,65
43,"Jul-18","All Population",76,402,1209,635,818,7882,920,1164,3160,2741,568,4847,3387,127,100
44,"Jul-18","Chronic",18,45,406,421,85,2608,219,624,836,1098,356,2879,1281,67,50.5
45,"Jul-18","Refugees",25,19,114,65,154,1651,684,731,1092,185,34,2183,1289,14,42.2
46,"Jul-18","Families",13,16,564,267,58,2093,1277,299,738,192,7,755,1366,2,23.5
47,"Jul-18","Youth",11,58,111,42,65,927,0,852,0,0,0,554,269,54,9.1
48,"Jul-18","Single Adult",37,304,439,190,649,5496,0,0,2869,2446,455,3775,2294,88,67.4
49,"Jul-18","Non-refugees",57,355,430,231,778,6700,490,741,2980,2419,486,3153,2508,99,57.8
50,"Aug-18","All Population",66,356,766,637,714,9124,1359,957,3773,3070,514,5797,3912,114,100
51,"Aug-18","Chronic",16,45,254,176,136,5032,314,433,1334,999,189,2624,1206,57,39.4
52,"Aug-18","Refugees",17,33,-100,279,95,2421,619,449,1225,370,40,-224,484,7,2.7
53,"Aug-18","Families",26,14,195,603,73,3540,1115,211,486,153,13,1043,1532,1,26.3
54,"Aug-18","Youth",9,39,84,37,108,861,0,841,0,0,0,505,250,61,7.7
55,"Aug-18","Single Adult",52,335,436,127,713,5328,1,0,3506,2177,548,4892,1558,68,66
56,"Aug-18","Non-refugees",33,287,557,161,698,6080,388,779,2386,2003,442,5262,2160,82,97.3
57,"Sep-18","All Population",66,386,770,157,906,8230,1089,1158,3306,2661,586,4565,2628,134,100
58,"Sep-18","Chronic",22,37,327,307,169,4585,538,441,1624,1223,159,2041,769,41,39.1
59,"Sep-18","Refugees",2,34,443,355,163,2772,709,338,207,585,37,983,1594,24,35.8
60,"Sep-18","Families",27,22,398,387,104,2846,1231,217,788,201,8,729,1657,-1,24.8
61,"Sep-18","Youth",11,37,108,55,85,1058,0,852,0,0,0,416,357,50,8.1
62,"Sep-18","Single Adult",48,415,385,199,671,6388,1,0,2964,2495,553,4563,1880,38,67.1
63,"Sep-18","Non-refugees",53,4,512,213,524,6191,446,628,2435,1954,518,4384,2032,117,64.2
64,"Oct-18","All Population",65,499,651,298,506,8285,674,1068,4307,2651,391,5617,3935,172,100
65,"Oct-18","Chronic",11,46,280,186,154,4664,358,420,1157,2302,465,2546,884,85,35.9
66,"Oct-18","Refugees",20,29,113,817,82,2889,771,124,1468,442,21,498,-205,19,3.1
67,"Oct-18","Families",22,38,318,64,79,2167,942,273,703,171,12,1183,1257,3,25.9
68,"Oct-18","Youth",21,15,101,57,72,897,0,970,0,0,0,509,375,34,9.4
69,"Oct-18","Single Adult",54,424,556,169,695,6097,0,0,3371,2551,560,4636,1469,80,64.7
70,"Oct-18","Non-refugees",50,490,342,268,741,6413,397,588,2574,2423,679,4846,1994,118,96.9
71,"Nov-18","All Population",64,398,1434,421,957,8814,1675,1240,4370,2852,443,4990,2687,86,100
72,"Nov-18","Chronic",18,28,467,284,140,2182,422,308,1607,1763,468,2888,1754,57,60.5
73,"Nov-18","Refugees",22,38,284,207,73,3860,635,218,994,187,35,845,696,17,20.1
74,"Nov-18","Families",22,25,207,421,13,2911,1729,138,604,213,11,1244,1291,2,28.8
75,"Nov-18","Youth",9,43,113,51,94,902,0,793,0,0,0,533,283,41,9.3
76,"Nov-18","Single Adult",38,223,356,196,618,5389,0,0,2439,2244,501,3515,1925,93,61.9
77,"Nov-18","Non-refugees",45,462,209,219,818,5903,470,834,2424,2536,539,3307,2108,111,79.9
78,"Dec-18","All Population",77,371,444,713,905,10173,1151,1018,3986,2740,452,5858,3527,76,100
79,"Dec-18","Chronic",12,43,401,166,48,3182,451,362,846,1195,263,2265,1452,60,39.6
80,"Dec-18","Refugees",19,28,541,576,142,4308,701,856,973,403,26,1466,2301,12,40.1
81,"Dec-18","Families",25,38,638,296,56,2511,1299,118,808,144,12,1395,1642,0,31.8
82,"Dec-18","Youth",16,33,113,59,103,836,0,911,0,0,0,491,351,56,8.8
83,"Dec-18","Single Adult",62,456,516,163,579,6376,0,0,3426,2437,588,3939,1740,114,59.4
84,"Dec-18","Non-refugees",56,279,318,224,777,8192,434,927,2429,2498,503,4674,2522,88,59.9
85,"Jan-19","All Population",91,359,866,820,1038,9099,1051,1168,3412,2662,448,5666,3836,112,100
86,"Jan-19","Chronic",21,45,156,305,129,4330,179,699,978,1416,429,2015,1342,53,35.3
87,"Jan-19","Refugees",10,21,731,292,39,2741,360,450,1147,409,25,958,2141,19,32.6
88,"Jan-19","Families",16,9,250,196,109,2722,1319,302,622,210,20,973,1636,0,27.8
89,"Jan-19","Youth",15,54,110,38,134,928,0,713,0,0,0,580,301,44,9.4
90,"Jan-19","Single Adult",42,234,514,201,765,6530,0,0,3806,2393,604,4044,1849,70,62.8
91,"Jan-19","Non-refugees",64,538,479,222,637,7216,439,676,3156,2339,554,4377,2015,90,67.4
92,"Feb-19","All Population",79,465,972,292,1133,7771,2138,1398,4158,2893,601,5914,2814,158,100
93,"Feb-19","Chronic",11,34,521,182,100,4679,368,418,1288,1181,425,2133,1494,30,41.6
94,"Feb-19","Refugees",23,32,433,332,59,4458,812,270,700,241,34,2359,762,15,35.8
95,"Feb-19","Families",9,-6,535,288,57,3558,1063,153,424,233,8,1285,881,2,24.1
96,"Feb-19","Youth",14,31,90,39,78,904,0,889,0,0,0,546,343,39,9.9
97,"Feb-19","Single Adult",51,306,540,89,826,6132,0,0,3407,2752,500,4692,1251,54,66
98,"Feb-19","Non-refugees",73,236,341,157,748,6838,399,832,2338,2506,529,5184,2390,88,64.2
99,"Mar-19","All Population",48,393,1408,635,899,8890,725,1090,2532,2853,438,6131,2993,117,100
100,"Mar-19","Chronic",16,35,369,346,232,4466,434,407,1528,1282,305,2651,1776,56,48.5
101,"Mar-19","Refugees",19,27,342,133,202,2726,406,325,352,355,20,2315,1349,13,40.2
102,"Mar-19","Families",16,19,35,316,74,2662,1393,223,582,256,24,872,1314,3,25.8
103,"Mar-19","Youth",17,63,60,24,105,790,0,783,0,0,0,515,299,49,9.6
104,"Mar-19","Single Adult",45,458,363,265,593,6611,1,0,3613,2879,569,4185,1304,97,64.6
105,"Mar-19","Non-refugees",67,300,446,207,661,7435,359,923,2548,2197,560,4503,2291,120,59.8
106,"Apr-19","All Population",60,391,1108,834,998,9131,1078,1124,2901,2722,570,6067,4014,184,100
107,"Apr-19","Chronic",17,27,276,76,106,4525,166,382,1943,2022,350,3216,1835,38,50.1
108,"Apr-19","Refugees",21,22,706,307,72,348,632,178,1410,298,22,1192,1051,18,22.2
109,"Apr-19","Families",15,26,275,195,91,1684,1373,255,490,157,22,991,1052,2,24.3
110,"Apr-19","Youth",10,39,106,35,81,937,0,795,0,0,0,530,299,54,9.9
111,"Apr-19","Single Adult",53,322,428,94,306,5841,-1,0,4094,2536,476,3962,1570,67,65.8
112,"Apr-19","Non-refugees",59,665,294,199,538,5453,547,872,2692,2108,572,4675,2180,129,77.8
113,"May-19","All Population",101,512,837,480,665,8832,1406,1252,3562,2630,680,5511,3310,153,100
114,"May-19","Chronic",15,32,365,202,119,4029,374,398,1410,1008,317,2162,1059,65,36.5
115,"May-19","Refugees",7,33,-156,526,117,4295,817,371,1109,415,26,1812,1348,16,35.8
116,"May-19","Families",10,18,701,285,58,1864,464,218,453,175,7,1524,1364,2,28.5
117,"May-19","Youth",14,38,120,51,74,922,0,959,0,0,0,506,296,34,7.9
118,"May-19","Single Adult",49,435,520,186,438,6115,0,0,2644,2543,474,4577,1860,79,63.6
119,"May-19","Non-refugees",37,520,513,222,677,5592,463,797,1898,1900,580,3429,2123,71,64.2
120,"Jun-19","All Population",76,254,1152,533,830,7797,1282,1245,3916,2790,527,4458,2506,118,100
121,"Jun-19","Chronic",23,58,251,218,163,2325,310,338,1816,1300,328,2260,1598,37,55.4
122,"Jun-19","Refugees",21,26,106,165,71,3430,1024,588,1597,190,35,1190,1495,13,38.6
123,"Jun-19","Families",19,13,232,170,48,2498,1373,260,636,262,21,1032,1120,0,23.8
124,"Jun-19","Youth",13,62,121,40,106,1039,0,1060,0,0,0,534,377,36,10.1
125,"Jun-19","Single Adult",54,314,439,158,453,5963,-1,0,3163,2649,564,4587,1395,77,66.1
126,"Jun-19","Non-refugees",41,304,333,240,678,7121,349,897,1917,2028,451,4607,1839,83,61.4
127,"Jul-19","All Population",50,468,791,379,553,8394,1516,1153,4295,2431,636,5016,3483,148,100
128,"Jul-19","Chronic",12,16,225,350,203,3025,351,433,751,1641,271,2695,1246,83,46.4
129,"Jul-19","Refugees",21,30,482,311,95,5086,906,198,404,196,23,856,1316,13,25.6
130,"Jul-19","Families",30,7,408,530,68,1289,1417,215,977,203,13,997,806,4,19.7
131,"Jul-19","Youth",10,39,87,36,83,900,0,881,0,0,0,510,272,39,8.5
132,"Jul-19","Single Adult",56,346,518,176,560,6532,-1,0,2791,2499,560,4646,1925,64,71.8
133,"Jul-19","Non-refugees",51,431,438,193,501,5959,458,745,2158,2513,623,4275,2035,129,74.4
134,"Aug-19","All Population",99,575,674,365,752,10362,1113,1086,2160,2570,474,5733,3258,161,100
135,"Aug-19","Chronic",17,27,419,191,136,3201,396,412,1143,1455,355,2340,1389,59,41.5
136,"Aug-19","Refugees",14,19,428,460,180,2339,1124,545,1668,461,18,1277,1314,11,28.8
137,"Aug-19","Families",9,28,167,271,71,1439,980,268,322,169,18,1140,1433,1,28.9
138,"Aug-19","Youth",10,32,94,39,99,885,0,916,0,0,0,473,296,65,8.6
139,"Aug-19","Single Adult",35,414,403,203,490,6276,-1,0,2720,2429,563,3900,1663,31,62.5
140,"Aug-19","Non-refugees",42,383,441,206,786,7636,437,722,2262,2345,460,4684,2161,107,71.2
141,"Sep-19","All Population",81,444,702,946,786,10949,807,1016,2728,2629,540,6153,3383,160,100
142,"Sep-19","Chronic",26,23,477,321,169,1745,358,488,1231,1849,317,2403,1405,76,39.9
143,"Sep-19","Refugees",22,23,246,324,25,1892,658,341,2408,275,16,305,1039,14,14.1
144,"Sep-19","Families",18,19,277,448,82,4390,863,304,1007,218,15,1130,987,2,21.8
145,"Sep-19","Youth",17,47,118,54,84,1005,0,864,0,0,0,498,287,42,8.1
146,"Sep-19","Single Adult",62,161,536,195,628,7066,1,0,3164,2738,541,4766,2053,112,70.1
147,"Sep-19","Non-refugees",55,393,560,215,600,5799,482,1038,3011,2014,457,4073,2213,101,85.9
148,"Oct-19","All Population",87,277,798,358,796,9287,987,881,3948,2973,434,5539,3338,151,100
149,"Oct-19","Chronic",13,32,477,351,191,3555,483,386,703,1125,265,2969,978,60,44.5
150,"Oct-19","Refugees",12,23,481,424,33,105,540,13,690,394,42,565,852,14,16
151,"Oct-19","Families",14,17,657,215,55,3798,1601,178,618,203,15,1028,1297,-1,25.3
152,"Oct-19","Youth",15,44,88,52,94,954,0,919,0,0,0,598,318,53,10
153,"Oct-19","Single Adult",56,296,460,164,474,5876,-1,0,3515,2674,433,3885,2052,87,64.7
154,"Oct-19","Non-refugees",57,230,345,229,676,6995,321,904,2793,1963,437,3880,2185,68,84
155,"Nov-19","All Population",64,313,807,319,830,11193,578,1229,2509,2861,516,5486,3739,103,100
156,"Nov-19","Chronic",17,42,459,481,110,3425,384,519,1066,1593,273,1658,1867,79,38.2
157,"Nov-19","Refugees",15,32,394,177,77,2849,583,156,1277,320,37,3606,2570,17,66.9
158,"Nov-19","Families",7,15,411,467,63,1440,1279,258,941,199,26,1158,1458,0,29.4
159,"Nov-19","Youth",19,31,94,31,86,833,0,834,0,0,0,536,353,59,10
160,"Nov-19","Single Adult",29,371,398,165,702,5802,0,0,3540,2546,618,3584,1813,102,60.6
161,"Nov-19","Non-refugees",57,439,493,275,525,6094,495,770,2592,2117,598,4861,2245,129,33.1
162,"Dec-19","All Population",96,287,499,692,617,9572,1340,1214,4105,2502,597,5638,3131,176,100
163,"Dec-19","Chronic",12,29,331,104,184,3528,308,402,1568,1174,492,2799,1302,50,46.8
164,"Dec-19","Refugees",6,26,726,137,113,2617,1280,509,1044,283,23,1766,1157,21,33.3
165,"Dec-19","Families",14,5,475,279,63,2963,1564,325,689,215,14,560,1581,-1,24
166,"Dec-19","Youth",14,29,106,58,106,1048,0,964,0,0,0,525,323,60,9.5
167,"Dec-19","Single Adult",49,362,391,184,549,5179,0,0,3706,2765,472,3998,1934,70,66.5
168,"Dec-19","Non-refugees",51,420,417,238,353,6396,411,900,2284,2302,497,3961,1937,100,66.7
169,"Jan-20","All Population",48,386,802,399,1007,9535,1396,1003,3761,2713,411,5290,3499,136,100
170,"Jan-20","Chronic",19,24,339,374,165,4151,417,416,1792,1459,331,1541,566,54,24
171,"Jan-20","Refugees",20,28,274,594,49,3081,116,99,1516,249,26,1687,1382,14,34.9
172,"Jan-20","Families",21,7,58,497,78,3035,908,187,795,253,10,877,1370,3,24.1
173,"Jan-20","Youth",18,28,98,34,115,921,0,928,0,0,0,415,333,61,8
174,"Jan-20","Single Adult",50,519,238,173,698,5736,-1,0,3279,2331,404,3938,2390,29,67.9
175,"Jan-20","Non-refugees",61,293,552,211,587,6699,434,666,3137,2178,599,4801,1997,118,65.1
176,"Feb-20","All Population",64,565,841,408,502,10906,1374,1142,4085,2375,500,5866,3620,148,100
177,"Feb-20","Chronic",11,52,362,322,158,4736,262,391,1434,1101,308,2984,759,93,39.5
178,"Feb-20","Refugees",29,15,48,395,204,-550,1263,339,342,508,27,999,642,4,17.3
179,"Feb-20","Families",11,19,-56,325,1,2033,766,294,738,261,12,1025,2353,1,34.4
180,"Feb-20","Youth",18,23,63,40,108,969,0,812,0,0,0,460,296,56,7.7
181,"Feb-20","Single Adult",34,366,340,152,397,6640,-1,0,3342,2485,491,4341,1338,70,57.9
182,"Feb-20","Non-refugees",59,440,483,159,625,7289,437,947,1947,2202,509,4062,2394,143,82.7
183,"Mar-20","All Population",70,502,584,726,806,7949,1606,1010,3162,2480,550,6498,3653,146,100
184,"Mar-20","Chronic",20,37,405,256,141,3808,301,574,850,1458,315,2333,1600,80,38.7
185,"Mar-20","Refugees",26,19,39,581,57,3208,581,333,1237,517,23,1260,1898,20,31.1
186,"Mar-20","Families",31,22,576,355,59,2539,1100,216,641,191,14,907,850,0,22.6
187,"Mar-20","Youth",18,45,95,53,94,732,0,1008,0,0,0,522,265,44,10.1
188,"Mar-20","Single Adult",56,335,388,168,645,6069,0,0,3157,2845,631,3766,1453,102,67.3
189,"Mar-20","Non-refugees",40,558,552,187,719,6687,412,756,2676,2607,440,3955,2443,132,68.9
190,"Apr-20","All Population",81,329,926,541,915,10377,1453,1194,3137,2746,466,5835,3195,142,100
191,"Apr-20","Chronic",11,59,442,214,147,2778,486,400,1090,2129,475,2373,1590,34,43.9
192,"Apr-20","Refugees",8,21,489,108,19,3069,839,377,747,503,38,342,1404,16,19.3
193,"Apr-20","Families",23,24,264,63,62,2307,1030,295,364,175,17,905,902,1,18.7
194,"Apr-20","Youth",17,52,64,10,74,1003,0,932,0,0,0,531,391,22,9.5
195,"Apr-20","Single Adult",54,220,633,190,455,7494,0,0,2674,2667,527,4652,2288,98,71.8
196,"Apr-20","Non-refugees",55,345,475,180,872,7157,394,675,2624,2448,548,4328,2326,73,80.7
197,"May-20","All Population",51,356,929,823,496,8242,917,1367,3560,2477,534,6311,2568,115,100
198,"May-20","Chronic",22,19,425,267,155,3459,534,363,1487,1997,495,2391,1202,87,40.5
199,"May-20","Refugees",15,26,609,414,42,2812,747,319,2005,488,27,1100,2075,14,35.8
200,"May-20","Families",-2,20,413,172,22,1539,727,231,708,179,17,677,2137,1,27.3
201,"May-20","Youth",12,34,122,28,148,852,0,852,0,0,0,471,371,55,8.2
202,"May-20","Single Adult",59,555,461,167,607,5964,0,0,2445,2727,499,4626,2039,79,64.5
203,"May-20","Non-refugees",41,137,544,201,388,5783,410,801,2239,1894,612,4487,2265,112,64.2
204,"Jun-20","All Population",76,453,890,574,852,10855,1121,977,3942,2322,558,5032,3802,136,100
205,"Jun-20","Chronic",26,59,569,206,105,3045,267,363,1156,1331,439,2663,1610,87,48.4
206,"Jun-20","Refugees",10,17,355,400,47,2675,417,530,1907,511,33,1343,1261,18,29.5
207,"Jun-20","Families",18,14,679,404,51,2498,1563,237,875,212,7,1082,1610,3,29.4
208,"Jun-20","Youth",4,15,89,27,99,831,0,883,0,0,0,437,346,26,8.5
209,"Jun-20","Single Adult",47,365,486,139,607,5541,0,0,3510,2418,573,4187,1510,105,62.1
210,"Jun-20","Non-refugees",43,506,415,183,917,6636,469,815,2361,2194,423,3846,2472,88,70.5
211,"Jul-20","All Population",51,463,991,89,882,9582,948,1089,3978,2967,533,5502,3609,75,100
212,"Jul-20","Chronic",11,59,450,132,135,2595,379,617,1343,1221,564,3440,830,83,46.9
213,"Jul-20","Refugees",24,24,621,-86,74,797,1136,557,1879,237,28,1551,1118,15,29.3
214,"Jul-20","Families",10,7,221,490,95,1975,990,308,916,275,19,1077,1586,1,29.6
215,"Jul-20","Youth",14,32,74,21,91,864,0,985,0,0,0,439,265,44,7.8
216,"Jul-20","Single Adult",45,378,525,205,805,6466,0,0,2987,2164,545,3874,1770,64,62.6
217,"Jul-20","Non-refugees",73,417,279,190,522,6457,396,803,2432,2830,547,4112,1928,154,70.7
218,"Aug-20","All Population",64,342,763,409,1037,10795,1155,1349,4160,2568,572,5823,3728,85,100
219,"Aug-20","Chronic",21,29,242,271,137,5408,538,479,1142,2074,425,2620,1516,49,43.3
220,"Aug-20","Refugees",8,35,359,315,14,6149,939,305,1163,318,22,1601,2395,16,41.8
221,"Aug-20","Families",24,-2,531,194,66,1522,822,253,521,161,24,898,580,2,20.2
222,"Aug-20","Youth",15,56,79,39,102,986,0,851,0,0,0,473,250,60,9.9
223,"Aug-20","Single Adult",36,476,406,164,583,6347,0,0,3553,2713,538,3148,1950,46,69.9
224,"Aug-20","Non-refugees",72,529,463,174,597,6761,503,968,2614,2144,397,3863,2457,128,58.2
225,"Sep-20","All Population",85,494,900,389,728,9464,1502,1135,3922,2379,502,4994,2897,136,100
226,"Sep-20","Chronic",7,10,447,180,166,3219,328,525,967,1192,429,2383,1725,46,52.1
227,"Sep-20","Refugees",9,20,367,388,128,2953,1069,401,1291,314,25,1505,1503,24,38.1
228,"Sep-20","Families",9,8,440,481,83,3173,967,214,418,246,16,985,923,3,21.8
229,"Sep-20","Youth",13,33,106,40,134,781,0,1043,0,0,0,441,355,36,9.1
230,"Sep-20","Single Adult",37,534,410,109,738,6511,0,0,2622,2572,483,4340,1699,126,69.1
231,"Sep-20","Non-refugees",35,340,481,148,741,6926,451,746,2854,2385,476,5167,2037,146,61.9
232,"Oct-20","All Population",57,225,804,478,618,10183,2112,998,4027,2681,480,5946,2862,134,100
233,"Oct-20","Chronic",11,48,177,275,158,5206,416,474,1021,1936,438,2476,1395,77,43.9
234,"Oct-20","Refugees",24,10,558,466,84,2822,572,715,1360,348,35,1737,710,16,27.8
235,"Oct-20","Families",18,10,472,-47,83,3139,1266,310,891,125,29,1550,1144,2,26.4
236,"Oct-20","Youth",22,31,123,33,160,891,0,759,0,0,0,525,356,58,8.6
237,"Oct-20","Single Adult",56,334,479,142,715,6154,-1,0,2908,2785,510,4788,1860,68,65
238,"Oct-20","Non-refugees",101,384,490,226,864,6811,440,724,2391,2174,607,4704,2186,105,72.2
239,"Nov-20","All Population",91,624,743,617,793,10845,1600,1207,3292,3111,505,6250,3619,135,100
240,"Nov-20","Chronic",14,16,381,349,120,2434,433,435,946,2049,254,2851,1241,52,41.5
241,"Nov-20","Refugees",23,15,171,386,92,2445,1131,335,1925,361,24,673,1823,25,25.3
242,"Nov-20","Families",5,25,110,69,36,3073,713,235,588,150,7,875,1183,1,21.5
243,"Nov-20","Youth",8,57,123,48,91,846,0,837,0,0,0,439,358,48,8.3
244,"Nov-20","Single Adult",30,385,314,169,567,4760,-1,0,3435,2820,460,4513,2206,74,70.2
245,"Nov-20","Non-refugees",78,322,437,228,573,6320,337,658,2446,2413,463,4185,2031,144,74.7
246,"Dec-20","All Population",77,455,653,494,653,8835,1131,920,3367,3105,609,5762,3418,115,100
247,"Dec-20","Chronic",18,24,457,209,82,4787,266,476,1785,1032,310,2010,1478,47,38
248,"Dec-20","Refugees",17,29,317,-2,92,978,308,328,1658,310,32,1912,1026,20,32
249,"Dec-20","Families",2,19,241,94,101,2756,1642,242,727,203,14,642,761,4,16.8
250,"Dec-20","Youth",12,53,101,33,89,1003,0,762,0,0,0,547,310,51,10.3
251,"Dec-20","Single Adult",44,293,362,154,696,5615,0,0,2655,2691,441,4183,1895,121,72.9
252,"Dec-20","Non-refugees",27,289,610,254,994,6500,365,646,2654,2676,493,4222,2585,78,68
253,"Jan-21","All Population",61,381,566,240,695,9648,1420,1221,3960,3053,608,6587,4172,114,100
254,"Jan-21","Chronic",6,36,462,300,143,3782,299,294,836,1410,354,1499,1124,83,24.4
255,"Jan-21","Refugees",27,25,871,433,163,2188,441,256,1044,537,18,1715,1711,21,31.8
256,"Jan-21","Families",22,24,146,360,64,2065,723,205,726,294,4,1246,1278,1,29
257,"Jan-21","Youth",15,36,120,44,91,911,0,829,0,0,0,538,282,46,9.4
258,"Jan-21","Single Adult",43,258,657,174,672,6581,0,0,3062,2360,457,3645,1713,105,72.9
259,"Jan-21","Non-refugees",67,426,439,196,424,7439,378,722,2780,2373,505,3791,2124,110,68.2
260,"Jan-21","Indigenous",12,55,51,20,65,943,3,117,609,292,32,492,384,27,8.1
261,"Feb-21","All Population",83,491,510,798,897,8887,1882,1314,3857,2610,664,5995,2805,135,100
262,"Feb-21","Chronic",12,50,534,157,188,2242,406,376,1405,1085,286,3286,1392,29,53.2
263,"Feb-21","Refugees",11,17,183,350,89,2165,649,538,1725,296,29,2031,1324,9,38.1
264,"Feb-21","Families",8,18,174,366,51,2223,908,230,938,201,23,1343,1494,2,27.7
265,"Feb-21","Youth",5,47,88,30,110,922,0,604,0,0,0,637,424,45,10.3
266,"Feb-21","Single Adult",38,441,500,90,447,6706,1,0,3180,2286,472,4153,2207,88,72.9
267,"Feb-21","Non-refugees",81,485,415,148,605,6933,355,932,3399,2175,402,4431,1845,100,61.9
268,"Feb-21","Indigenous",4,60,25,21,88,1337,6,123,637,373,25,547,297,36,9.6
269,"Mar-21","All Population",49,455,728,202,688,10199,1244,1080,3142,2864,632,5943,3847,119,100
270,"Mar-21","Chronic",15,25,319,160,120,2977,550,338,1963,1957,529,1923,1198,94,31.9
271,"Mar-21","Refugees",3,23,733,623,99,4788,-81,481,1395,648,42,1705,1135,12,29
272,"Mar-21","Families",28,32,492,219,98,3125,1521,231,667,186,14,1064,1570,3,32.2
273,"Mar-21","Youth",8,32,85,38,100,639,0,956,0,0,0,476,322,50,9.7
274,"Mar-21","Single Adult",50,270,426,173,656,6702,0,0,3079,2296,561,3353,1407,79,72.9
275,"Mar-21","Non-refugees",46,626,192,184,911,5869,474,711,2194,1977,388,4868,2348,99,71
276,"Mar-21","Indigenous",13,91,35,13,101,672,9,108,546,323,32,729,296,36,10.5
277,"Apr-21","All Population",84,407,866,373,736,8139,1517,1061,3368,2692,511,5436,2834,124,100
278,"Apr-21","Chronic",10,39,455,215,92,2131,538,581,1284,1603,308,3441,1673,22,61.8
279,"Apr-21","Refugees",9,23,12,1,134,4739,960,449,1303,175,48,1023,1396,15,29.3
280,"Apr-21","Families",6,24,635,286,63,3242,1005,169,701,224,23,1184,1672,2,31.2
281,"Apr-21","Youth",9,38,110,56,107,1034,0,938,0,0,0,534,374,50,9.9
282,"Apr-21","Single Adult",23,309,323,106,674,5567,1,0,3063,2300,517,3789,1610,79,72.9
283,"Apr-21","Non-refugees",29,365,578,201,639,6305,413,812,2424,2173,433,4109,2043,114,70.7
284,"Apr-21","Indigenous",7,102,34,23,112,812,5,84,559,289,27,542,258,48,9.7
285,"May-21","All Population",69,369,648,409,709,9921,845,1177,4970,2547,597,4850,4539,118,100
286,"May-21","Chronic",20,55,309,233,183,3991,329,325,401,1487,301,1957,2086,47,43.1
287,"May-21","Refugees",14,21,300,26,104,3312,786,568,1886,199,19,1802,2199,19,42.6
288,"May-21","Families",13,14,38,229,57,1940,1026,90,689,219,5,590,1510,1,22.7
289,"May-21","Youth",13,22,108,28,113,1108,0,817,0,0,0,571,337,56,9.8
290,"May-21","Single Adult",40,328,469,194,285,5904,0,0,4078,2169,492,4665,1571,146,72.9
291,"May-21","Non-refugees",58,280,427,218,658,7327,460,729,2030,2370,477,4390,2390,72,57.4
292,"May-21","Indigenous",11,109,44,11,85,1153,6,131,617,350,30,564,324,33,9.5
293,"Jun-21","All Population",64,576,642,506,889,10502,862,1377,4641,2959,461,5857,2718,137,100
294,"Jun-21","Chronic",13,23,347,242,179,4759,284,444,1605,1743,421,2883,1714,77,53.6
295,"Jun-21","Refugees",14,11,97,-29,5,2009,784,-89,582,526,30,2113,1875,10,46.5
296,"Jun-21","Families",-10,22,509,156,68,1963,905,202,735,231,24,1226,1297,2,27.1
297,"Jun-21","Youth",8,42,53,52,144,790,0,968,0,0,0,547,285,46,8.9
298,"Jun-21","Single Adult",48,255,475,154,590,6032,-1,0,3778,2234,615,4450,1508,52,72.9
299,"Jun-21","Non-refugees",52,466,564,248,795,6542,387,665,2216,2772,540,4278,2218,114,53.5
300,"Jun-21","Indigenous",8,102,59,19,116,1082,2,131,323,338,28,475,328,38,9.4
301,"Jul-21","All Population",66,305,288,578,784,7524,1739,1231,3770,2973,428,6839,3439,130,100
302,"Jul-21","Chronic",21,29,300,312,105,3257,402,370,765,1482,461,2229,1592,72,37.2
303,"Jul-21","Refugees",15,28,710,209,156,637,723,638,2246,384,20,1568,1295,14,27.9
304,"Jul-21","Families",10,21,319,203,114,2549,908,249,654,225,6,1076,1524,2,27
305,"Jul-21","Youth",10,23,84,32,104,971,0,698,0,0,0,570,341,56,9.5
306,"Jul-21","Single Adult",60,532,443,134,752,4325,-1,0,2603,2651,460,3998,2110,105,72.9
307,"Jul-21","Non-refugees",51,177,439,227,586,7058,331,731,1966,2426,510,4489,2143,121,72.1
308,"Jul-21","Indigenous",10,57,33,11,108,959,4,93,524,249,24,434,324,45,7.4
309,"Aug-21","All Population",80,456,958,640,674,8133,1037,1020,4340,2388,415,4081,3767,128,100
310,"Aug-21","Chronic",22,30,454,254,140,5573,222,446,954,1204,193,2155,1932,79,52.1
311,"Aug-21","Refugees",6,31,459,129,60,2988,528,198,1886,605,24,1544,966,17,32
312,"Aug-21","Families",16,6,475,145,91,1767,1365,172,635,314,19,804,1083,1,21.4
313,"Aug-21","Youth",17,51,85,54,108,952,0,933,0,0,0,491,318,38,9.2
314,"Aug-21","Single Adult",36,365,443,200,553,6166,0,0,2544,2409,502,4236,1899,76,72.9
315,"Aug-21","Non-refugees",45,351,358,186,808,7684,479,753,2350,2038,607,3963,1943,80,68
316,"Aug-21","Indigenous",12,78,40,20,82,1038,1,103,437,249,27,708,399,31,14.1
317,"Sep-21","All Population",78,335,481,572,683,9266,1338,1319,3673,3174,589,5659,2746,89,100
318,"Sep-21","Chronic",9,54,337,118,147,5496,260,363,1332,1906,299,2143,1774,55,46.6
319,"Sep-21","Refugees",16,22,322,446,121,1867,-29,442,1740,339,29,1837,2028,20,46
320,"Sep-21","Families",29,21,724,529,60,2960,1016,249,703,167,25,1037,1073,1,25
321,"Sep-21","Youth",6,19,83,38,132,871,0,848,0,0,0,551,323,64,10.3
322,"Sep-21","Single Adult",42,413,347,208,570,5442,0,0,3243,2107,520,3709,1763,71,72.9
323,"Sep-21","Non-refugees",50,408,637,200,806,6194,387,887,2402,2378,486,3726,1816,78,54
324,"Sep-21","Indigenous",5,77,47,26,123,1029,2,136,475,252,32,674,318,44,11.8
325,"Oct-21","All Population",94,331,909,600,895,9055,1291,1062,3859,3035,506,5000,3577,103,100
326,"Oct-21","Chronic",14,25,400,314,133,3667,70,389,1202,982,313,2472,1224,33,43.1
327,"Oct-21","Refugees",29,29,472,367,83,2371,1476,703,1181,565,37,2197,1042,24,37.8
328,"Oct-21","Families",20,17,397,381,46,2100,1076,258,765,202,12,806,899,0,20.7
329,"Oct-21","Youth",10,64,128,35,129,799,0,889,0,0,0,532,312,41,10.2
330,"Oct-21","Single Adult",47,280,494,169,558,6392,0,0,3421,2599,484,3947,1739,93,72.9
331,"Oct-21","Non-refugees",54,535,691,166,775,7142,399,786,1748,2419,552,3847,2152,100,62.2
332,"Oct-21","Indigenous",12,85,39,33,151,1053,4,137,533,237,19,552,355,38,10.6
333,"Nov-21","All Population",55,514,676,469,945,11696,934,1069,3559,2695,582,6644,3129,120,100
334,"Nov-21","Chronic",15,18,337,182,180,3997,382,392,1456,1777,422,2846,797,107,37.3
335,"Nov-21","Refugees",7,28,-372,215,76,888,902,134,-156,420,31,1131,768,9,19.4
336,"Nov-21","Families",11,8,456,260,84,2935,1325,245,572,232,20,1411,1443,3,32.4
337,"Nov-21","Youth",18,43,75,39,57,965,0,933,0,0,0,561,331,45,10.1
338,"Nov-21","Single Adult",24,394,403,205,478,6341,0,0,3300,2688,395,4107,956,123,72.9
339,"Nov-21","Non-refugees",54,397,396,220,571,6834,456,765,2831,2253,605,4227,1777,154,80.6
340,"Nov-21","Indigenous",9,94,25,23,167,900,6,81,459,328,28,634,337,43,9.9
341,"Dec-21","All Population",61,379,886,486,992,10527,1145,1106,3601,2801,511,5570,4438,165,100
342,"Dec-21","Chronic",15,44,425,173,180,4249,414,431,1943,988,409,2056,567,35,26.2
343,"Dec-21","Refugees",13,30,457,109,51,3140,897,204,1379,532,35,1940,1330,5,32.7
344,"Dec-21","Families",10,23,344,340,53,1829,1395,253,734,157,20,1155,1861,0,34.1
345,"Dec-21","Youth",13,55,111,49,107,1025,0,887,0,0,0,463,299,32,8.6
346,"Dec-21","Single Adult",33,559,539,222,610,6042,0,0,3189,2606,517,3771,1289,68,72.9
347,"Dec-21","Non-refugees",63,330,498,194,829,7302,492,709,2960,2198,573,4331,2076,95,67.3
348,"Dec-21","Indigenous",9,64,31,26,119,920,3,118,486,314,32,598,429,35,10.3
349,"Jan-22","All Population",79,468,963,418,803,9932,1598,842,4632,2891,407,5243,3797,104,100
350,"Jan-22","Chronic",20,48,449,268,142,5545,402,396,1221,1070,409,1580,1298,49,31.8
351,"Jan-22","Refugees",23,18,574,56,84,2441,901,422,195,179,34,2093,2019,22,45.5
352,"Jan-22","Families",20,20,279,483,98,1941,1848,196,916,219,24,1294,1510,3,29.5
353,"Jan-22","Youth",6,48,116,45,82,899,0,976,0,0,0,461,298,43,8
354,"Jan-22","Single Adult",29,524,245,174,538,7362,0,0,2887,2751,463,4061,1891,84,72.9
355,"Jan-22","Non-refugees",55,440,712,227,802,7038,489,746,2620,1589,548,3366,2357,99,54.5
356,"Jan-22","Indigenous",7,77,54,18,76,639,5,78,587,245,29,490,377,33,9.6
357,"Feb-22","All Population",53,238,735,21,1003,9780,1244,1170,3719,2924,587,5289,3262,94,100
358,"Feb-22","Chronic",19,26,447,287,115,4817,348,321,1503,1585,485,2563,540,96,36.3
359,"Feb-22","Refugees",15,26,204,260,123,1419,1041,396,1446,350,19,936,1165,8,24.6
360,"Feb-22","Families",13,18,609,474,45,2057,1304,224,536,228,17,823,1795,2,28.6
361,"Feb-22","Youth",9,35,113,35,125,841,0,885,0,0,0,483,320,39,8.8
362,"Feb-22","Single Adult",49,261,387,93,758,7078,-1,0,3289,2532,574,3833,1896,75,72.9
363,"Feb-22","Non-refugees",60,522,538,159,637,5743,482,890,2587,2418,674,3718,2031,109,75.4
364,"Feb-22","Indigenous",6,68,60,8,183,1098,1,111,484,185,35,478,263,40,8.7
365,"Mar-22","All Population",50,284,715,217,838,8876,789,1002,4076,2821,694,5402,3834,138,100
366,"Mar-22","Chronic",22,28,466,264,70,3891,309,410,1191,1355,438,2713,1763,39,48.5
367,"Mar-22","Refugees",25,27,688,18,144,2422,885,432,3029,576,28,1865,2029,17,42.2
368,"Mar-22","Families",14,15,584,89,109,2672,1312,157,688,213,16,891,1264,1,21.7
369,"Mar-22","Youth",1,36,114,47,79,878,0,861,0,0,0,496,344,51,8.5
370,"Mar-22","Single Adult",42,357,458,192,426,4621,1,0,3462,2662,542,4510,2428,60,72.9
371,"Mar-22","Non-refugees",36,357,568,252,611,6428,477,717,2833,2243,487,4426,1924,127,57.8
372,"Mar-22","Indigenous",9,47,38,15,109,939,3,131,421,260,31,589,368,43,10.4
373,"Apr-22","All Population",100,555,1158,523,1043,9245,1821,1342,3568,2846,477,4842,3540,99,100
374,"Apr-22","Chronic",22,44,217,210,151,4085,474,284,752,1454,583,2148,1547,70,44.1
375,"Apr-22","Refugees",21,21,536,633,82,2344,983,94,469,164,35,2439,1764,10,50.1
376,"Apr-22","Families",-4,25,459,154,75,2069,391,273,819,209,11,732,1716,1,25.6
377,"Apr-22","Youth",7,34,113,30,128,868,0,966,0,0,0,552,371,21,9.7
378,"Apr-22","Single Adult",47,315,603,79,533,5620,-1,0,2832,2392,472,4143,2043,70,72.9
379,"Apr-22","Non-refugees",55,360,523,221,779,6547,399,1033,3264,2048,518,4002,2413,115,49.9
380,"Apr-22","Indigenous",9,97,30,9,100,1039,8,79,602,370,21,631,319,43,11.3
381,"May-22","All Population",94,357,877,614,862,8640,1455,1220,3460,2573,552,5222,4051,112,100
382,"May-22","Chronic",12,52,571,215,130,5085,281,438,1027,1455,330,2133,1258,52,36.6
383,"May-22","Refugees",24,27,569,346,73,3242,728,587,155,665,29,887,1834,16,29.3
384,"May-22","Families",3,13,-10,93,90,2430,1821,176,562,237,23,772,1914,2,26.3
385,"May-22","Youth",14,40,102,66,90,988,0,873,0,0,0,525,342,42,8.5
386,"May-22","Single Adult",45,423,516,196,512,6137,-1,0,3582,2260,508,4931,1718,77,72.9
387,"May-22","Non-refugees",80,546,314,197,623,6487,389,709,2035,2666,562,3845,1904,102,70.7
388,"May-22","Indigenous",9,100,52,23,155,927,8,91,679,280,30,632,413,40,11.3
389,"Jun-22","All Population",64,360,485,479,921,9683,1568,1194,3339,2836,707,4516,3562,205,100
390,"Jun-22","Chronic",23,37,357,182,150,2095,237,542,737,1520,235,1312,760,84,25.6
391,"Jun-22","Refugees",13,30,699,643,77,1533,334,332,1955,60,33,1911,930,17,35.2
392,"Jun-22","Families",19,35,357,118,57,1740,665,165,1101,203,7,1238,1399,0,32.7
393,"Jun-22","Youth",13,42,69,23,68,772,0,947,0,0,0,475,307,56,9.7
394,"Jun-22","Single Adult",40,287,437,148,691,5360,1,0,2954,2660,536,2976,1662,75,72.9
395,"Jun-22","Non-refugees",65,158,368,121,545,7188,357,856,2585,2260,617,3643,2068,99,64.8
396,"Jun-22","Indigenous",16,60,36,30,117,1162,3,101,540,298,34,612,293,49,11.2
397,"Jul-22","All Population",90,311,923,656,450,8602,1442,1204,4569,2752,579,4999,3427,97,100
398,"Jul-22","Chronic",18,57,452,241,157,2582,437,419,882,1386,292,3176,1783,20,58.9
399,"Jul-22","Refugees",15,13,636,333,75,2418,209,298,786,366,29,1157,1074,13,26.5
400,"Jul-22","Families",10,23,326,151,77,2085,1397,191,668,230,21,1385,1905,-1,32.1
401,"Jul-22","Youth",3,37,130,35,40,817,0,873,0,0,0,511,315,46,8.1
402,"Jul-22","Single Adult",43,433,443,169,639,7042,-1,0,2371,2560,582,4358,1777,112,72.9
403,"Jul-22","Non-refugees",71,316,523,177,535,6118,470,605,2424,2537,438,5148,2119,79,73.5
404,"Jul-22","Indigenous",15,125,52,25,183,1242,8,125,519,226,36,529,364,36,10.6
405,"Aug-22","All Population",85,523,1038,266,995,7193,1002,816,3536,2682,627,6581,3441,104,100
406,"Aug-22","Chronic",13,14,512,370,43,5127,465,249,2082,2020,453,2309,1291,41,35.9
407,"Aug-22","Refugees",5,29,494,343,146,3397,328,170,869,156,44,1228,240,16,14.6
408,"Aug-22","Families",22,-4,622,379,81,3087,1804,206,556,197,32,1077,1405,3,27.3
409,"Aug-22","Youth",18,20,122,49,78,997,0,989,0,0,0,452,328,52,8.6
410,"Aug-22","Single Adult",42,156,476,231,477,4899,-1,0,2801,2668,590,3900,1946,82,72.9
411,"Aug-22","Non-refugees",58,282,584,224,515,6558,484,928,2729,2420,644,4289,2130,104,85.4
412,"Aug-22","Indigenous",7,59,27,24,123,1187,9,124,414,248,29,682,290,26,9.7
413,"Sep-22","All Population",100,296,1078,793,771,8077,1362,800,3043,3062,475,6104,3313,181,100
414,"Sep-22","Chronic",16,37,474,310,147,4234,596,592,1596,1377,378,2457,1767,69,44.9
415,"Sep-22","Refugees",14,28,379,231,93,2699,566,301,1127,477,34,1453,952,10,25.5
416,"Sep-22","Families",16,-9,300,446,41,2046,550,219,675,219,8,955,733,2,20.6
417,"Sep-22","Youth",21,36,92,30,135,998,0,948,0,0,0,541,305,32,10.3
418,"Sep-22","Single Adult",68,374,377,176,377,4865,1,0,3459,2314,451,3742,1919,68,72.9
419,"Sep-22","Non-refugees",44,531,501,191,839,5437,479,703,2269,2078,587,4144,2106,175,74.5
420,"Sep-22","Indigenous",8,87,41,18,181,1220,5,117,517,398,36,678,337,40,10.8
421,"Oct-22","All Population",71,404,760,476,689,8665,1592,1160,3677,3159,392,6896,3180,119,100
422,"Oct-22","Chronic",13,29,359,322,166,3649,549,387,1986,1699,460,1577,1179,69,27.4
423,"Oct-22","Refugees",13,22,319,83,90,3041,672,538,765,297,20,1092,1385,9,24.6
424,"Oct-22","Families",13,30,257,245,46,2181,1639,335,946,282,16,1137,2111,3,31.6
425,"Oct-22","Youth",22,55,109,45,114,830,0,819,0,0,0,495,297,66,7.7
426,"Oct-22","Single Adult",59,260,561,143,691,6639,1,0,3425,2419,493,4152,2086,105,72.9
427,"Oct-22","Non-refugees",67,418,295,183,564,5522,352,767,1798,2452,529,4627,1914,102,75.4
428,"Oct-22","Indigenous",10,83,4,25,109,656,6,80,401,371,36,607,369,44,9.7
429,"Nov-22","All Population",83,588,1309,503,771,10447,1290,1105,4192,2433,512,5613,2849,107,100
430,"Nov-22","Chronic",15,24,343,148,197,3492,465,232,968,1834,482,2457,866,47,39.3
431,"Nov-22","Refugees",15,9,333,287,69,1893,1563,470,703,466,31,1200,745,18,23
432,"Nov-22","Families",25,8,333,405,35,2305,1079,230,409,273,26,751,1231,0,22
433,"Nov-22","Youth",10,31,127,53,98,1031,0,824,0,0,0,461,374,33,9.3
434,"Nov-22","Single Adult",46,461,408,225,740,5199,0,0,3020,2577,581,4236,1956,98,72.9
435,"Nov-22","Non-refugees",63,468,637,216,884,6730,488,737,2813,2577,496,4144,2378,74,77
436,"Nov-22","Indigenous",12,89,48,23,143,1030,6,110,354,355,31,475,329,35,9.5
437,"Dec-22","All Population",78,131,1020,801,1128,9255,1236,988,2583,3025,578,5845,4023,157,100
438,"Dec-22","Chronic",8,29,355,220,124,5046,483,288,1154,2126,354,2819,1225,40,41
439,"Dec-22","Refugees",17,29,-34,140,127,3997,838,280,1533,451,46,1544,378,14,19.5
440,"Dec-22","Families",19,14,222,347,63,2626,1118,361,753,202,19,853,1207,1,24.3
441,"Dec-22","Youth",11,15,134,29,76,913,0,869,0,0,0,508,355,71,10.2
442,"Dec-22","Single Adult",63,304,603,221,785,6261,1,0,3210,2049,602,4418,1135,56,72.9
443,"Dec-22","Non-refugees",60,345,533,223,537,6613,362,807,2621,2202,477,4111,2113,127,80.5
444,"Dec-22","Indigenous",7,57,23,20,148,912,8,102,421,235,35,456,261,57,7.3
445,"Jan-23","All Population",55,377,945,118,844,7335,1193,800,3318,2902,501,6721,2979,60,100
446,"Jan-23","Chronic",19,50,481,353,108,3934,482,495,1289,1437,369,2581,697,52,33.8
447,"Jan-23","Refugees",15,33,298,374,73,2329,359,405,2450,405,57,1399,674,4,21.4
448,"Jan-23","Families",8,6,363,202,40,1681,292,223,652,181,12,341,1630,1,21.6
449,"Jan-23","Youth",9,44,86,44,82,987,0,911,0,0,0,467,457,36,10.1
450,"Jan-23","Single Adult",47,352,423,175,670,5750,0,0,3135,1982,534,4185,2060,83,72.9
451,"Jan-23","Non-refugees",71,209,476,202,612,6561,317,914,2559,2068,518,4684,1732,132,78.6
452,"Jan-23","Indigenous",2,82,28,12,169,905,2,94,462,283,29,498,323,52,8.5
453,"Feb-23","All Population",64,467,844,436,610,8718,1589,1115,3537,2845,458,4764,2891,118,100
454,"Feb-23","Chronic",10,27,449,249,163,6077,457,513,1592,1656,306,2035,837,40,37.5
455,"Feb-23","Refugees",22,30,418,386,106,2726,683,203,1413,329,32,835,995,15,23.9
456,"Feb-23","Families",22,26,737,335,96,2157,1087,238,812,241,10,1054,1304,2,27.7
457,"Feb-23","Youth",9,37,100,22,106,855,0,915,0,0,0,594,293,44,10.4
458,"Feb-23","Single Adult",41,180,448,132,615,4991,-1,0,3326,2751,526,3288,1982,80,72.9
459,"Feb-23","Non-refugees",62,350,389,214,599,7045,395,739,2946,1805,466,4933,2232,118,76.1
460,"Feb-23","Indigenous",11,75,55,23,120,957,5,137,422,278,25,640,364,33,13.1
461,"Mar-23","All Population",68,347,691,546,825,10197,1119,1091,3687,2725,556,6037,3276,131,100
462,"Mar-23","Chronic",13,33,420,254,216,4001,552,458,1460,1503,305,2078,1439,59,37.8
463,"Mar-23","Refugees",19,18,173,296,93,4323,233,472,502,387,23,823,953,11,19.1
464,"Mar-23","Families",6,13,349,447,65,3413,897,249,540,201,11,926,1551,3,25.7
465,"Mar-23","Youth",14,49,130,54,116,874,0,896,0,0,0,491,312,61,8.3
466,"Mar-23","Single Adult",45,349,491,247,604,5000,0,0,2813,2242,431,4407,1949,89,72.9
467,"Mar-23","Non-refugees",47,405,511,228,659,6756,505,778,2005,2044,554,4743,2125,113,80.9
468,"Mar-23","Indigenous",6,102,28,9,172,1027,6,91,390,287,21,611,389,33,10.7
469,"Apr-23","All Population",71,220,881,499,783,8788,1842,1148,3681,2684,630,5142,3695,110,100
470,"Apr-23","Chronic",26,50,465,328,177,5569,301,490,860,1643,280,3227,994,54,47.8
471,"Apr-23","Refugees",20,22,225,143,48,1141,636,-89,1801,327,32,-179,555,13,4.3
472,"Apr-23","Families",20,6,367,355,99,2091,755,301,207,252,11,1209,1474,1,31
473,"Apr-23","Youth",15,50,116,49,58,762,0,1034,0,0,0,474,286,55,8.8
474,"Apr-23","Single Adult",39,415,476,88,802,5698,1,0,3446,2649,474,3846,1354,107,72.9
475,"Apr-23","Non-refugees",54,527,421,193,811,7338,454,768,3119,2973,410,3767,1705,184,95.7
476,"Apr-23","Indigenous",12,83,29,15,161,727,4,148,533,279,31,620,248,37,9.8
477,"May-23","All Population",76,265,454,218,755,8673,822,1170,3005,2656,578,5627,3346,163,100
478,"May-23","Chronic",21,24,419,47,108,4028,293,364,2272,1342,386,2942,973,43,43.6
479,"May-23","Refugees",15,33,303,456,71,2339,70,254,813,648,29,1459,1428,10,32.2
480,"May-23","Families",11,19,366,488,64,657,1346,231,1243,274,20,1599,1880,1,35.5
481,"May-23","Youth",12,28,75,16,158,850,0,807,0,0,0,499,336,52,8.5
482,"May-23","Single Adult",48,430,456,171,644,6939,0,0,2876,3185,521,3868,1627,86,72.9
483,"May-23","Non-refugees",45,468,640,232,734,6049,548,770,2388,2168,513,4373,2144,82,67.8
484,"May-23","Indigenous",10,42,66,15,140,812,5,113,412,277,28,577,315,42,9.9
485,"Jun-23","All Population",79,259,894,301,658,9817,1165,968,3274,2906,521,4735,2641,114,100
486,"Jun-23","Chronic",18,27,437,188,99,3602,494,387,638,1326,405,3044,752,49,51.5
487,"Jun-23","Refugees",16,24,494,369,92,2263,486,682,1457,462,26,1774,1185,24,40.1
488,"Jun-23","Families",17,23,183,462,73,3759,1172,249,1117,340,14,1205,891,4,24
489,"Jun-23","Youth",15,56,134,47,81,940,0,918,0,0,0,540,351,41,10.2
490,"Jun-23","Single Adult",40,522,439,201,543,5173,1,0,2711,2344,419,3914,1820,100,72.9
491,"Jun-23","Non-refugees",52,454,421,234,648,8039,421,794,2473,2648,451,4001,1981,123,59.9
492,"Jun-23","Indigenous",10,53,64,16,134,1181,6,111,603,291,25,455,272,34,9.9
493,"Jul-23","All Population",52,554,1276,680,746,10507,1770,1285,4180,2756,476,5779,3317,103,100
494,"Jul-23","Chronic",21,41,528,285,147,3489,515,369,1033,1188,279,1960,1938,66,42.9
495,"Jul-23","Refugees",5,30,-23,238,156,1989,862,290,842,519,31,845,2371,8,35.4
496,"Jul-23","Families",1,16,271,85,64,2936,1002,114,816,261,22,1077,1264,0,27
497,"Jul-23","Youth",12,66,89,38,107,749,0,927,0,0,0,488,354,24,9.7
498,"Jul-23","Single Adult",37,390,430,166,770,5886,-1,0,2528,2810,578,3951,1523,67,72.9
499,"Jul-23","Non-refugees",100,550,600,176,901,7403,342,637,2447,2098,434,4002,2649,88,64.6
500,"Jul-23","Indigenous",14,70,41,16,65,917,3,94,590,164,32,558,401,35,10.5
501,"Aug-23","All Population",76,394,808,768,598,8812,504,1283,4141,3003,532,6439,3704,151,100
502,"Aug-23","Chronic",17,33,401,318,117,3865,344,307,1286,1060,379,1407,1551,73,29.2
503,"Aug-23","Refugees",25,7,308,217,96,1481,713,460,1425,516,34,-504,692,14,1.9
504,"Aug-23","Families",13,17,213,249,39,2677,1008,234,748,105,8,685,1368,0,23
505,"Aug-23","Youth",11,47,107,32,71,967,0,842,0,0,0,480,336,44,9.2
506,"Aug-23","Single Adult",51,523,449,199,574,4848,2,0,2722,2709,433,4218,1826,106,72.9
507,"Aug-23","Non-refugees",51,502,669,221,543,6692,387,823,2512,1994,491,4706,2100,109,98.1
508,"Aug-23","Indigenous",4,57,43,21,166,1014,6,84,583,303,27,485,260,41,7.3
509,"Sep-23","All Population",82,450,409,473,693,9247,556,1091,3812,2451,585,5355,3307,122,100
510,"Sep-23","Chronic",15,50,533,184,91,4655,330,413,632,903,461,2239,536,62,32
511,"Sep-23","Refugees",11,22,328,205,29,2519,548,313,1157,404,35,1821,1305,10,36.1
512,"Sep-23","Families",17,19,404,733,86,2612,345,262,410,156,13,983,1826,2,28.2
513,"Sep-23","Youth",13,35,77,42,76,1093,0,808,0,0,0,564,355,44,9.2
514,"Sep-23","Single Adult",56,515,524,188,521,6110,-1,0,3099,2101,448,4913,1321,100,72.9
515,"Sep-23","Non-refugees",62,329,464,207,819,6460,366,858,2897,2385,511,3572,2270,95,63.9
516,"Sep-23","Indigenous",7,121,30,23,118,684,4,92,577,255,34,717,293,32,11.7
517,"Oct-23","All Population",61,296,1793,593,484,8261,534,1167,3823,2213,495,5563,3262,106,100
518,"Oct-23","Chronic",21,28,259,278,52,5356,319,501,1766,1742,368,1698,1169,51,32.5
519,"Oct-23","Refugees",24,33,811,143,60,1931,875,237,1204,580,23,1525,984,27,28.4
520,"Oct-23","Families",20,19,668,266,57,1598,1604,142,925,214,24,1131,937,2,22.5
521,"Oct-23","Youth",6,24,149,40,59,914,0,994,0,0,0,593,370,44,10.5
522,"Oct-23","Single Adult",46,348,428,171,565,6221,-1,0,2924,2696,719,4543,1621,136,72.9
523,"Oct-23","Non-refugees",44,393,318,187,559,7259,484,796,2060,2338,558,5063,2625,96,71.6
524,"Oct-23","Indigenous",6,112,40,26,94,842,6,107,459,303,33,575,348,35,10.5
525,"Nov-23","All Population",45,358,1276,647,899,8948,978,992,3805,2697,576,6346,3934,157,100
526,"Nov-23","Chronic",19,40,511,272,129,3947,407,467,1261,1258,273,1758,1457,58,31.3
527,"Nov-23","Refugees",9,15,233,341,99,-19,1547,442,705,245,32,1158,848,11,19.5
528,"Nov-23","Families",21,20,244,224,46,1363,1532,174,1004,235,8,618,1611,1,25.8
529,"Nov-23","Youth",10,67,121,58,87,919,0,949,0,0,0,491,329,34,9.5
530,"Nov-23","Single Adult",33,123,459,140,719,6014,-1,0,3051,2283,578,3948,1651,48,72.9
531,"Nov-23","Non-refugees",67,420,329,214,800,7009,467,882,2567,2164,538,4367,2222,100,80.5
532,"Nov-23","Indigenous",12,99,38,5,121,821,10,88,451,340,40,707,316,49,10
533,"Dec-23","All Population",57,491,735,308,750,9805,1448,1197,2613,2772,507,5077,3387,116,100
534,"Dec-23","Chronic",14,49,460,218,121,4712,265,435,699,1450,240,2263,1775,86,47.7
535,"Dec-23","Refugees",24,34,-34,402,69,464,470,130,580,394,14,2383,2285,19,55.2
536,"Dec-23","Families",26,-2,518,452,80,1213,1322,203,556,191,21,1107,1671,1,27.2
537,"Dec-23","Youth",7,52,97,33,94,809,0,1109,0,0,0,499,378,57,8.6
538,"Dec-23","Single Adult",54,287,462,162,558,5979,-1,0,3345,2620,562,4614,1958,53,72.9
539,"Dec-23","Non-refugees",68,291,406,194,708,6587,522,786,2355,2020,591,3884,2157,153,44.8
540,"Dec-23","Indigenous",9,75,26,20,177,1119,6,113,588,296,24,465,312,47,9.2
